"","siteID","plotID","BDF","ENF","unknown","BEF","pft"
"1","ABBY","ABBY_001",0.978891278121094,0.0177715117691987,0.00333721010970698,NA,"BDF"
"2","ABBY","ABBY_002",1,NA,NA,NA,"BDF"
"3","ABBY","ABBY_003",0.99523234184587,0.00293795525268154,0.00182970290144812,NA,"BDF"
"4","ABBY","ABBY_004",1,NA,NA,NA,"BDF"
"5","ABBY","ABBY_005",0.667408231368187,0.25064886911383,0.0819428995179829,NA,"MF"
"6","ABBY","ABBY_006",0.999304814498407,NA,0.000695185501592652,NA,"BDF"
"7","ABBY","ABBY_007",0.122402720060446,NA,0.877597279939554,NA,NA
"8","ABBY","ABBY_008",0.996676229036823,NA,0.00332377096317682,NA,"BDF"
"9","ABBY","ABBY_009",1,NA,NA,NA,"BDF"
"10","ABBY","ABBY_010",0.999914465167166,5.04795734756483e-05,3.50552593580891e-05,NA,"BDF"
"11","ABBY","ABBY_011",0.85236958745312,NA,0.14763041254688,NA,"BDF"
"12","ABBY","ABBY_012",1,NA,NA,NA,"BDF"
"13","ABBY","ABBY_013",1,NA,NA,NA,"BDF"
"14","ABBY","ABBY_014",0.999761748533949,NA,0.00023825146605142,NA,"BDF"
"15","ABBY","ABBY_016",0.998758859431855,0.000781363208874013,0.00045977735927132,NA,"BDF"
"16","ABBY","ABBY_017",0.873967972179327,0.122481487336,0.00355054048467309,NA,"BDF"
"17","ABBY","ABBY_019",1,NA,NA,NA,"BDF"
"18","ABBY","ABBY_023",0.665478380590373,0.333994287636814,0.000527331772813065,NA,"MF"
"19","ABBY","ABBY_025",0.985902154639729,NA,0.0140978453602708,NA,"BDF"
"20","ABBY","ABBY_061",0.995406593790898,NA,0.00459340620910154,NA,"BDF"
"21","ABBY","ABBY_062",0.997060481228778,NA,0.00293951877122158,NA,"BDF"
"22","ABBY","ABBY_063",0.997665205218953,NA,0.00233479478104696,NA,"BDF"
"23","ABBY","ABBY_064",0.945356692594971,NA,0.0546433074050287,NA,"BDF"
"24","ABBY","ABBY_065",0.984787932097685,NA,0.0152120679023152,NA,"BDF"
"25","ABBY","ABBY_067",1,NA,NA,NA,"BDF"
"26","ABBY","ABBY_068",0.999966395003878,NA,3.36049961219834e-05,NA,"BDF"
"27","ABBY","ABBY_069",0.990887443579628,0.0078496878368933,0.00126286858347846,NA,"BDF"
"28","ABBY","ABBY_070",0.983464190012781,NA,0.0165358099872187,NA,"BDF"
"29","ABBY","ABBY_073",0.999740858656907,NA,0.000259141343092561,NA,"BDF"
"30","ABBY","ABBY_074",0.999860409699679,NA,0.000139590300321015,NA,"BDF"
"31","ABBY","ABBY_075",0.998952761175556,NA,0.00104723882444386,NA,"BDF"
"32","ABBY","ABBY_076",0.978574228106084,NA,0.0214257718939163,NA,"BDF"
"33","BART","BART_032",0.769909778685705,0.230090221314295,NA,NA,"BDF"
"34","BART","BART_033",0.986112042710924,0.0138879572890765,NA,NA,"BDF"
"35","BART","BART_034",0.697379903998826,0.302620096001174,NA,NA,"MF"
"36","BART","BART_036",0.855868617868152,0.144131382131849,NA,NA,"BDF"
"37","BART","BART_037",0.946402144456764,0.0535978555432356,NA,NA,"BDF"
"38","BART","BART_039",0.59582677746746,0.40417322253254,NA,NA,"MF"
"39","BART","BART_040",0.98207582290512,0.0179241770948798,NA,NA,"BDF"
"40","BART","BART_041",0.910266680324818,0.0897333196751816,NA,NA,"BDF"
"41","BART","BART_042",0.733045901877142,0.266954098122858,NA,NA,"BDF"
"42","BART","BART_044",0.725470756704435,0.274529243295565,NA,NA,"BDF"
"43","BART","BART_046",0.943693210536926,0.0563067894630738,NA,NA,"BDF"
"44","BART","BART_047",0.96828859383671,0.0317114061632896,NA,NA,"BDF"
"45","BART","BART_050",0.482654071025186,0.517345928974814,NA,NA,"MF"
"46","BART","BART_051",0.382183099133585,0.617816900866415,NA,NA,"MF"
"47","BART","BART_070",0.492522018460552,0.507477981539448,NA,NA,"MF"
"48","BART","BART_071",0.749075589841957,0.250924410158043,NA,NA,"BDF"
"49","BART","BART_072",0.613124300122826,0.386875699877174,NA,NA,"MF"
"50","BART","BART_073",0.781432744191332,0.218567255808668,NA,NA,"BDF"
"51","BART","BART_074",0.775636607215904,0.224363392784096,NA,NA,"BDF"
"52","BART","BART_075",0.483885427751422,0.516114572248578,NA,NA,"MF"
"53","BLAN","BLAN_001",0.978378039479386,NA,0.0216219605206137,NA,"BDF"
"54","BLAN","BLAN_005",0.976440388052735,NA,0.0235596119472646,NA,"BDF"
"55","BLAN","BLAN_007",0.99926267933631,NA,0.000737320663689739,NA,"BDF"
"56","BLAN","BLAN_009",0.976741157875466,NA,0.0232588421245336,NA,"BDF"
"57","BLAN","BLAN_011",0.999250378396364,NA,0.000749621603635665,NA,"BDF"
"58","BLAN","BLAN_012",0.959987088544282,NA,0.0400129114557182,NA,"BDF"
"59","BLAN","BLAN_013",0.990607007524605,NA,0.00939299247539464,NA,"BDF"
"60","BLAN","BLAN_015",0.992011202653962,NA,0.00798879734603793,NA,"BDF"
"61","BLAN","BLAN_017",0.999950090253458,NA,4.99097465416705e-05,NA,"BDF"
"62","BLAN","BLAN_018",0.95531074620661,NA,0.0446892537933901,NA,"BDF"
"63","BLAN","BLAN_032",0.00613981442856391,NA,0.993860185571436,NA,NA
"64","BLAN","BLAN_035",0.23411532225375,NA,0.765884677746251,NA,NA
"65","BLAN","BLAN_036",0.934479220152376,NA,0.0655207798476239,NA,"BDF"
"66","BLAN","BLAN_044",0.314013669456689,0.00384866194509105,0.68213766859822,NA,"MF"
"67","BLAN","BLAN_048",0.971359648797928,NA,0.0286403512020721,NA,"BDF"
"68","BLAN","BLAN_050",0.418955046537725,NA,0.581044953462275,NA,"MF"
"69","BLAN","BLAN_052",0.509146438393184,NA,0.490853561606816,NA,"MF"
"70","BLAN","BLAN_053",NA,NA,1,NA,NA
"71","BLAN","BLAN_055",NA,0.0369010602030495,0.96309893979695,NA,NA
"72","BLAN","BLAN_057",NA,0.191809092488423,0.808190907511577,NA,NA
"73","BLAN","BLAN_063",0.727298921835471,0.229612629479999,0.0430884486845302,NA,"BDF"
"74","DELA","DELA_037",0.992802164592108,NA,0.00719783540789151,NA,"BDF"
"75","DELA","DELA_038",0.994164291414731,NA,0.00583570858526915,NA,"BDF"
"76","DELA","DELA_039",0.994737642511282,NA,0.00526235748871804,NA,"BDF"
"77","DELA","DELA_040",0.995385939951354,NA,0.00461406004864594,NA,"BDF"
"78","DELA","DELA_041",0.99349204680144,NA,0.00650795319855974,NA,"BDF"
"79","DELA","DELA_042",0.98995222273991,NA,0.0100477772600897,NA,"BDF"
"80","DELA","DELA_043",0.991005646397011,NA,0.00899435360298902,NA,"BDF"
"81","DELA","DELA_044",0.990002653498978,NA,0.00999734650102249,NA,"BDF"
"82","DELA","DELA_045",0.997651050820063,NA,0.00234894917993681,NA,"BDF"
"83","DELA","DELA_046",0.998784732916999,NA,0.001215267083001,NA,"BDF"
"84","DELA","DELA_047",0.828666030612924,0.0022334737429594,0.16895359671109,0.000146898933025777,"BDF"
"85","DELA","DELA_048",0.956758457950793,NA,0.0172070530755302,NA,"BDF"
"86","DELA","DELA_050",0.988455451756832,NA,0.0115445482431679,NA,"BDF"
"87","DELA","DELA_051",0.996349603116172,NA,0.00365039688382773,NA,"BDF"
"88","DELA","DELA_052",0.997610448319498,NA,0.00238955168050172,NA,"BDF"
"89","DELA","DELA_053",0.951745903949116,NA,0.0482540960508836,NA,"BDF"
"90","DELA","DELA_054",0.998100287336746,NA,0.00189971266325377,NA,"BDF"
"91","DELA","DELA_055",0.99721325179567,NA,0.00278674820432988,NA,"BDF"
"92","DELA","DELA_056",0.997380875478172,NA,0.00261912452182772,NA,"BDF"
"93","DSNY","DSNY_003",NA,1,NA,NA,"ENF"
"94","DSNY","DSNY_004",NA,NA,1,NA,NA
"95","DSNY","DSNY_005",NA,NA,1,NA,NA
"96","DSNY","DSNY_006",NA,1,NA,NA,"ENF"
"97","DSNY","DSNY_007",0.998450561284175,0.00154943871582519,NA,NA,"BDF"
"98","DSNY","DSNY_008",NA,1,NA,NA,"ENF"
"99","DSNY","DSNY_009",NA,NA,1,NA,NA
"100","DSNY","DSNY_010",NA,1,NA,NA,"ENF"
"101","DSNY","DSNY_011",0.996450286152058,NA,0.00354971384794175,NA,"BDF"
"102","DSNY","DSNY_012",NA,1,NA,NA,"ENF"
"103","DSNY","DSNY_013",NA,1,NA,NA,"ENF"
"104","DSNY","DSNY_014",NA,1,NA,NA,"ENF"
"105","DSNY","DSNY_018",NA,1,NA,NA,"ENF"
"106","DSNY","DSNY_019",NA,0.998597731128967,0.00140226887103333,NA,"ENF"
"107","DSNY","DSNY_020",NA,NA,1,NA,NA
"108","DSNY","DSNY_025",NA,1,NA,NA,"ENF"
"109","DSNY","DSNY_034",NA,1,NA,NA,"ENF"
"110","GRSM","GRSM_047",0.740392648138554,0.128208636396783,0.0459839327380261,0.0854147827266364,"BDF"
"111","GRSM","GRSM_048",0.86503336067209,0.0617942721610179,0.00307671846252743,0.0700956487043646,"BDF"
"112","GRSM","GRSM_049",0.992027599312806,0.00746319277019532,0.000509207916998433,NA,"BDF"
"113","GRSM","GRSM_050",0.993809018019076,NA,0.00619098198092375,NA,"BDF"
"114","GRSM","GRSM_051",0.743591291943634,0.154250233465282,0.102158474591085,NA,"BDF"
"115","GRSM","GRSM_052",0.921881693277262,0.0323820858106272,0.0457362209121109,NA,"BDF"
"116","GRSM","GRSM_053",0.999880620146406,NA,0.000119379853593465,NA,"BDF"
"117","GRSM","GRSM_054",0.999559039831429,NA,0.000440960168571082,NA,"BDF"
"118","GRSM","GRSM_055",0.999858588657237,NA,9.22915276377629e-05,4.91198151252958e-05,"BDF"
"119","GRSM","GRSM_056",0.928252810088521,0.0227365516909866,0.0165631011650842,0.0324475370554086,"BDF"
"120","GRSM","GRSM_057",0.991042147730225,0.0029927395798352,0.000387189218986619,0.00557792347095334,"BDF"
"121","GRSM","GRSM_058",0.996520611606253,3.32968993707161e-05,0.00344609149437585,NA,"BDF"
"122","GRSM","GRSM_059",0.658561021634808,0.224622613650844,0.0701855055256397,0.0466308591887081,"MF"
"123","GRSM","GRSM_060",0.961554597489773,0.0233848536116767,0.0138624125553717,0.00119813634317817,"BDF"
"124","GRSM","GRSM_061",0.793803751597565,0.118492375350273,0.0849258174370699,0.00277805561509212,"BDF"
"125","GRSM","GRSM_062",0.905203537794418,0.0947964622055818,NA,NA,"BDF"
"126","GRSM","GRSM_063",0.991796515996478,0.00323020194052205,0.00497328206299952,NA,"BDF"
"127","GRSM","GRSM_064",0.963672672646606,0.0326268882616275,0.00370043909176684,NA,"BDF"
"128","GRSM","GRSM_065",0.847422964262308,0.0960574652985633,0.0565195704391291,NA,"BDF"
"129","GRSM","GRSM_066",0.991794405555643,NA,0.00820559444435689,NA,"BDF"
"130","GUAN","GUAN_001",0.685366034634308,NA,0.314633965365692,NA,"MF"
"131","GUAN","GUAN_002",0.218663582757218,NA,0.781336417242782,NA,NA
"132","GUAN","GUAN_003",0.00699992378781202,NA,0.993000076212188,NA,NA
"133","GUAN","GUAN_004",0.644287893456415,NA,0.355712106543585,NA,"MF"
"134","GUAN","GUAN_005",0.035863156551766,NA,0.964136843448234,NA,NA
"135","GUAN","GUAN_006",0.340926220386677,NA,0.659073779613323,NA,"MF"
"136","GUAN","GUAN_007",0.179052324514378,NA,0.820947675485622,NA,NA
"137","GUAN","GUAN_008",NA,NA,1,NA,NA
"138","GUAN","GUAN_009",0.806193806193806,NA,0.193806193806194,NA,"BDF"
"139","GUAN","GUAN_010",0.779662881183491,NA,0.220337118816509,NA,"BDF"
"140","GUAN","GUAN_011",0.0547271729113974,NA,0.945272827088602,NA,NA
"141","GUAN","GUAN_012",0.0121102930718016,NA,0.987889706928198,NA,NA
"142","GUAN","GUAN_013",0.00216223371981422,NA,0.997837766280186,NA,NA
"143","GUAN","GUAN_014",NA,NA,1,NA,NA
"144","GUAN","GUAN_015",0.0285199373867194,NA,0.971480062613281,NA,NA
"145","GUAN","GUAN_016",0.514680082259582,NA,0.485319917740418,NA,"MF"
"146","GUAN","GUAN_017",0.0821515119096901,NA,0.91784848809031,NA,NA
"147","GUAN","GUAN_018",0.376265934398146,NA,0.623734065601854,NA,"MF"
"148","GUAN","GUAN_019",NA,NA,1,NA,NA
"149","GUAN","GUAN_020",0.0410272203117247,NA,0.958972779688275,NA,NA
"150","GUAN","GUAN_042",0.250206775357577,NA,0.749793224642423,NA,NA
"151","GUAN","GUAN_043",0.302843420564377,NA,0.697156579435623,NA,"MF"
"152","GUAN","GUAN_044",0.357381279243388,NA,0.642618720756612,NA,"MF"
"153","GUAN","GUAN_045",0.40290977360017,NA,0.59709022639983,NA,"MF"
"154","GUAN","GUAN_046",0.31235416527632,NA,0.68764583472368,NA,"MF"
"155","GUAN","GUAN_047",0.523221158708158,NA,0.476778841291842,NA,"MF"
"156","HARV","HARV_033",0.684104999639489,0.315895000360511,NA,NA,"MF"
"157","HARV","HARV_034",0.144794416233641,0.855205583766359,NA,NA,"ENF"
"158","HARV","HARV_035",0.424797283743688,0.575202716256312,NA,NA,"MF"
"159","HARV","HARV_036",0.977126482606548,0.0228735173934517,NA,NA,"BDF"
"160","HARV","HARV_037",0.233168106109205,0.766831893890795,NA,NA,"ENF"
"161","HARV","HARV_038",0.53283985650115,0.467135013846438,NA,2.51296524113893e-05,"MF"
"162","HARV","HARV_039",0.804185174452061,0.195814825547939,NA,NA,"BDF"
"163","HARV","HARV_040",0.766704380953863,0.226628654037731,0.000826925471639375,0.00584003953676608,"BDF"
"164","HARV","HARV_041",0.280851598705568,0.714140735770765,0.00500766552366709,NA,"ENF"
"165","HARV","HARV_042",0.640918124905993,0.359067272013049,1.46030809580205e-05,NA,"MF"
"166","HARV","HARV_043",0.40010006879888,0.59989993120112,NA,NA,"MF"
"167","HARV","HARV_044",0.889024847627098,0.101439484317547,0.00143025045984041,0.00810541759551485,"BDF"
"168","HARV","HARV_045",0.901676294067287,0.0983237059327132,NA,NA,"BDF"
"169","HARV","HARV_046",0.274149332392125,0.723537069769204,0.000841332303953008,0.00147226553471789,"ENF"
"170","HARV","HARV_047",0.972113114416008,0.0276158275634558,0.000271058020536228,NA,"BDF"
"171","HARV","HARV_048",0.310786690304099,0.689204392264381,8.91743151990575e-06,NA,"MF"
"172","HARV","HARV_049",0.276222174681728,0.723754907712044,2.29176062280306e-05,NA,"ENF"
"173","HARV","HARV_050",0.62580243850007,0.373885229571404,0.000312331928526099,NA,"MF"
"174","HARV","HARV_051",0.753679788070698,0.243695701164967,0.00262451076433443,NA,"BDF"
"175","HARV","HARV_052",0.523085254475742,0.476914745524258,NA,NA,"MF"
"176","JERC","JERC_047",0.774227021168106,0.220339278695068,0.00543370013682621,NA,"BDF"
"177","JERC","JERC_048",NA,1,NA,NA,"ENF"
"178","JERC","JERC_049",0.0804390266556813,0.919560973344319,NA,NA,"ENF"
"179","JERC","JERC_050",0.191064148861173,0.78678177505118,0.0221540760876464,NA,"ENF"
"180","JERC","JERC_051",0.00409843477317322,0.995162920129124,0.000738645097702345,NA,"ENF"
"181","JERC","JERC_052",0.439314277379766,0.560685722620234,NA,NA,"MF"
"182","JERC","JERC_053",NA,1,NA,NA,"ENF"
"183","JERC","JERC_054",0.975378466488143,NA,0.0245380660096877,8.34675021694653e-05,"BDF"
"184","JERC","JERC_056",1,NA,NA,NA,"BDF"
"185","JERC","JERC_057",0.890719802703018,0.0776442764857088,0.0316359208112734,NA,"BDF"
"186","JERC","JERC_058",NA,0.999874659543986,0.000125340456013647,NA,"ENF"
"187","JERC","JERC_059",0.000990086739309748,0.998843292265619,0.000166620995071599,NA,"ENF"
"188","JERC","JERC_060",0.214521173634882,0.778183429237496,0.00729539712762198,NA,"ENF"
"189","JERC","JERC_061",NA,1,NA,NA,"ENF"
"190","JERC","JERC_062",0.238674918126334,0.761325081873666,NA,NA,"ENF"
"191","JERC","JERC_063",0.00111266986720808,0.998887330132792,NA,NA,"ENF"
"192","JERC","JERC_064",0.0046093219914878,0.995390678008512,NA,NA,"ENF"
"193","JERC","JERC_065",NA,1,NA,NA,"ENF"
"194","JERC","JERC_066",0.000252701389285918,0.999747298610714,NA,NA,"ENF"
"195","LENO","LENO_001",0.971891115161393,NA,0.0275857349913223,NA,"BDF"
"196","LENO","LENO_002",0.973201106350048,NA,0.026798893649952,NA,"BDF"
"197","LENO","LENO_003",0.992266580898432,NA,0.00773341910156772,NA,"BDF"
"198","LENO","LENO_004",0.942533473037102,NA,0.0516341757020852,0.00583235126081246,"BDF"
"199","LENO","LENO_005",0.992193221473029,NA,0.00780677852697066,NA,"BDF"
"200","LENO","LENO_007",0.998270362697708,NA,0.00172963730229193,NA,"BDF"
"201","LENO","LENO_008",0.979052926405429,NA,0.0209470735945711,NA,"BDF"
"202","LENO","LENO_009",0.98978801633341,NA,0.0102119836665904,NA,"BDF"
"203","LENO","LENO_010",0.915426123139185,NA,0.0845738768608153,NA,"BDF"
"204","LENO","LENO_011",0.983566674838282,0.000370020101091978,0.0160633050606263,NA,"BDF"
"205","LENO","LENO_012",1,NA,NA,NA,"BDF"
"206","LENO","LENO_013",0.94810191499486,NA,0.0518980850051396,NA,"BDF"
"207","LENO","LENO_014",0.874212770485449,NA,0.125787229514551,NA,"BDF"
"208","LENO","LENO_015",0.901837773180375,NA,0.0981622268196246,NA,"BDF"
"209","LENO","LENO_016",0.950487859671279,NA,0.0495121403287209,NA,"BDF"
"210","LENO","LENO_017",0.870643851430822,0.12537356748745,0.00398258108172805,NA,"BDF"
"211","LENO","LENO_018",0.933465819893949,NA,0.0665341801060513,NA,"BDF"
"212","LENO","LENO_021",0.954416094837878,NA,0.0455839051621223,NA,"BDF"
"213","LENO","LENO_022",0.996230642703603,NA,0.0037693572963969,NA,"BDF"
"214","LENO","LENO_061",0.985741822215608,NA,0.0142581777843917,NA,"BDF"
"215","LENO","LENO_062",0.992188988685442,NA,0.00347252001012763,0.00433849130443055,"BDF"
"216","LENO","LENO_063",0.985469363123567,NA,0.00802178744237806,0.00650884943405525,"BDF"
"217","LENO","LENO_064",0.64601890375151,0.343996420758193,0.00921077013587732,0.000773905354418919,"MF"
"218","LENO","LENO_065",0.991300581292306,0.00411454473960068,0.00458487396809354,NA,"BDF"
"219","LENO","LENO_066",0.609068220342592,0.384787598235786,0.00564692541015183,0.000497256011469996,"MF"
"220","LENO","LENO_067",0.971686640340956,NA,0.020040915694862,0.00827244396418204,"BDF"
"221","LENO","LENO_068",0.975159359724312,NA,0.00851908694054664,0.0163215533351417,"BDF"
"222","LENO","LENO_069",0.989826861121782,NA,0.0101731388782175,NA,"BDF"
"223","LENO","LENO_070",0.873958272232964,0.0997638206761832,0.0176978402562065,0.00807427826434865,"BDF"
"224","MLBS","MLBS_001",0.972028731036719,NA,0.0249789106056984,0.0029923583575827,"BDF"
"225","MLBS","MLBS_002",0.953964814966973,NA,0.0460351850330271,NA,"BDF"
"226","MLBS","MLBS_003",0.99358925863883,NA,NA,0.00641074136117,"BDF"
"227","MLBS","MLBS_004",0.863948000446827,NA,0.0591402604011518,0.0769117391520207,"BDF"
"228","MLBS","MLBS_005",0.982415942257126,NA,0.017584057742874,NA,"BDF"
"229","MLBS","MLBS_006",0.415620094418944,0.584379905581055,NA,NA,"MF"
"230","MLBS","MLBS_007",0.79284322297697,NA,0.205218663293684,0.00193811372934586,"BDF"
"231","MLBS","MLBS_008",0.991853849605715,NA,NA,0.00814615039428495,"BDF"
"232","MLBS","MLBS_009",0.971065109704609,NA,0.0289348902953906,NA,"BDF"
"233","MLBS","MLBS_010",0.953305755266992,NA,0.0332494112711842,0.0134448334618236,"BDF"
"234","MLBS","MLBS_011",1,NA,NA,NA,"BDF"
"235","MLBS","MLBS_012",0.904487275531834,NA,0.0955127244681661,NA,"BDF"
"236","MLBS","MLBS_013",0.905070967944051,0.0221883366170891,0.0727406954388598,NA,"BDF"
"237","MLBS","MLBS_014",0.832155817629036,0.107871083000509,0.0515489935809329,0.0084241057895217,"BDF"
"238","MLBS","MLBS_015",0.854497067242463,0.0762434230120123,0.0264320460637347,0.0428274636817896,"BDF"
"239","MLBS","MLBS_016",0.742440120553869,NA,0.125473541393577,0.132086338052553,"BDF"
"240","MLBS","MLBS_017",0.986340732071294,NA,NA,0.0136592679287059,"BDF"
"241","MLBS","MLBS_018",0.873036019292846,NA,0.0328288941333506,0.094135086573803,"BDF"
"242","MLBS","MLBS_019",0.650221665859518,0.326743016353758,0.0187962596305954,0.00423905815612857,"MF"
"243","MLBS","MLBS_020",0.514899759621342,0.449316035982455,0.0357842043962035,NA,"MF"
"244","MLBS","MLBS_061",0.811025132867405,NA,0.0875323067338953,0.1014425603987,"BDF"
"245","MLBS","MLBS_062",0.609280603072254,0.184021260059761,0.206698136867985,NA,"MF"
"246","MLBS","MLBS_063",0.803196634050172,0.0217839868962231,0.121833380631266,0.0531859984223392,"BDF"
"247","MLBS","MLBS_064",0.932065918774531,NA,0.0214242769187613,0.0465098043067072,"BDF"
"248","MLBS","MLBS_065",0.950920685375851,0.0240142577277615,0.0250650568963874,NA,"BDF"
"249","MLBS","MLBS_066",0.997527332960634,NA,0.00247266703936591,NA,"BDF"
"250","MLBS","MLBS_067",0.940311429884581,0.0373901159365877,0.0222984541788311,NA,"BDF"
"251","MLBS","MLBS_068",0.682282410440439,0.0307546217570679,0.21517326306868,0.0717897047338133,"MF"
"252","MLBS","MLBS_069",0.945589107799894,NA,0.0388565208437318,0.0155543713563738,"BDF"
"253","MLBS","MLBS_070",0.904625637466252,0.0187564579914397,0.0752983665570646,0.00131953798524392,"BDF"
"254","MLBS","MLBS_071",0.839058773146734,0.15267084785462,0.00827037899864605,NA,"BDF"
"255","MLBS","MLBS_072",0.793624575738956,0.0362056719324744,0.17016975232857,NA,"BDF"
"256","MLBS","MLBS_073",0.797310654994795,NA,0.101887228383746,0.100802116621459,"BDF"
"257","MLBS","MLBS_074",0.985275130872867,NA,0.00666825521485519,0.0080566139122781,"BDF"
"258","MLBS","MLBS_075",0.944064018289426,0.000150239110711651,0.0557857425998626,NA,"BDF"
"259","MLBS","MLBS_076",0.863016945821739,NA,0.128384259683528,0.00859879449473357,"BDF"
"260","ORNL","ORNL_001",0.571339784785702,0.352507855073054,0.0761523601412443,NA,"MF"
"261","ORNL","ORNL_002",0.935665890686601,NA,0.0643341093133991,NA,"BDF"
"262","ORNL","ORNL_003",0.984962591094889,NA,0.0150374089051109,NA,"BDF"
"263","ORNL","ORNL_004",0.859022188273814,NA,0.140977811726186,NA,"BDF"
"264","ORNL","ORNL_006",0.925753015586294,NA,0.0742469844137063,NA,"BDF"
"265","ORNL","ORNL_007",0.893144168073821,0.0987049555587374,0.00815087636744166,NA,"BDF"
"266","ORNL","ORNL_008",0.828032503653006,NA,0.171967496346994,NA,"BDF"
"267","ORNL","ORNL_009",0.638050122441221,0.32997572695832,0.0319741506004596,NA,"MF"
"268","ORNL","ORNL_010",0.842004024144869,0.000483472262144294,0.157512503592986,NA,"BDF"
"269","ORNL","ORNL_012",0.915390061068671,NA,NA,0.0846099389313289,"BDF"
"270","ORNL","ORNL_014",0.988073575061548,NA,0.0118401016542994,8.63232841520809e-05,"BDF"
"271","ORNL","ORNL_021",0.33256351039261,NA,0.66743648960739,NA,"MF"
"272","ORNL","ORNL_027",0.103259143235813,0.88818727157884,0.00855358518534746,NA,"ENF"
"273","ORNL","ORNL_029",0.364021466088148,0.62573266346959,0.0102458704422623,NA,"MF"
"274","ORNL","ORNL_031",0.680453257790368,NA,0.319546742209632,NA,"MF"
"275","ORNL","ORNL_032",0.274135900901493,0.725798809646335,6.52894521716224e-05,NA,"ENF"
"276","ORNL","ORNL_035",0.151668268757197,0.846941818638823,0.0013899126039802,NA,"ENF"
"277","ORNL","ORNL_036",1,NA,NA,NA,"BDF"
"278","ORNL","ORNL_037",0.991514399517814,NA,0.00848560048218617,NA,"BDF"
"279","ORNL","ORNL_043",0.803506691933534,0.118893631924808,0.077599676141658,NA,"BDF"
"280","ORNL","ORNL_044",0.160799238820171,NA,0.839200761179829,NA,NA
"281","ORNL","ORNL_045",0.888480814009418,0.0429840482805222,0.0685351377100596,NA,"BDF"
"282","ORNL","ORNL_046",0.975278728434186,0.0123797607927567,0.0123415107730572,NA,"BDF"
"283","ORNL","ORNL_049",0.905841819540712,NA,0.0941581804592884,NA,"BDF"
"284","ORNL","ORNL_050",0.961997214961437,NA,0.0380027850385631,NA,"BDF"
"285","ORNL","ORNL_051",0.996536055162629,NA,0.00346394483737125,NA,"BDF"
"286","ORNL","ORNL_052",0.931486864088284,NA,0.0685131359117164,NA,"BDF"
"287","ORNL","ORNL_053",0.936663227325528,NA,0.063336772674472,NA,"BDF"
"288","ORNL","ORNL_054",0.942712754315965,NA,0.0572872456840348,NA,"BDF"
"289","ORNL","ORNL_055",0.960303110977627,NA,0.0343762341974371,0.00532065482493607,"BDF"
"290","ORNL","ORNL_056",0.939489037712856,NA,0.060510962287144,NA,"BDF"
"291","ORNL","ORNL_057",0.957387521726441,NA,0.0426124782735588,NA,"BDF"
"292","ORNL","ORNL_058",0.979021923854619,NA,0.0209780761453811,NA,"BDF"
"293","ORNL","ORNL_059",0.89586001035407,NA,0.10413998964593,NA,"BDF"
"294","ORNL","ORNL_060",0.937567064030806,NA,0.0624329359691942,NA,"BDF"
"295","ORNL","ORNL_061",0.73071356329792,0.23333880503844,0.0359476316636396,NA,"BDF"
"296","ORNL","ORNL_062",0.93996175289718,NA,0.0600382471028203,NA,"BDF"
"297","ORNL","ORNL_063",0.489958773691304,0.479260525928593,0.0307091986499202,7.15017301829777e-05,"MF"
"298","ORNL","ORNL_066",NA,NA,1,NA,NA
"299","OSBS","OSBS_025",0.412765462795312,0.587234537204688,NA,NA,"MF"
"300","OSBS","OSBS_026",0.196876738442025,0.803123261557975,NA,NA,"ENF"
"301","OSBS","OSBS_027",0.36120109989988,0.63879890010012,NA,NA,"MF"
"302","OSBS","OSBS_028",0.0150752255892452,0.984924774410755,NA,NA,"ENF"
"303","OSBS","OSBS_029",0.826088617649724,0.173911382350276,NA,NA,"BDF"
"304","OSBS","OSBS_030",NA,1,NA,NA,"ENF"
"305","OSBS","OSBS_031",0.397778493377128,0.602221506622872,NA,NA,"MF"
"306","OSBS","OSBS_032",0.596511682498944,0.403488317501056,NA,NA,"MF"
"307","OSBS","OSBS_033",0.2400759786672,0.759924021332799,NA,NA,"ENF"
"308","OSBS","OSBS_034",0.0111275670446381,0.988872432955362,NA,NA,"ENF"
"309","OSBS","OSBS_035",0.00204638389288448,0.997953616107116,NA,NA,"ENF"
"310","OSBS","OSBS_036",0.0890653448339516,0.910934655166048,NA,NA,"ENF"
"311","OSBS","OSBS_037",0.00377111544553144,0.996228884554469,NA,NA,"ENF"
"312","OSBS","OSBS_038",0.245130683012948,0.754869316987052,NA,NA,"ENF"
"313","OSBS","OSBS_039",0.0927746717830181,0.907225328216982,NA,NA,"ENF"
"314","OSBS","OSBS_040",0.058779568152569,0.941220431847431,NA,NA,"ENF"
"315","OSBS","OSBS_041",0.000603033912508472,0.999396966087492,NA,NA,"ENF"
"316","OSBS","OSBS_042",0.0302130744906597,0.96978692550934,NA,NA,"ENF"
"317","OSBS","OSBS_043",0.360266687097298,0.639733312902702,NA,NA,"MF"
"318","OSBS","OSBS_044",0.149276785767149,0.850723214232851,NA,NA,"ENF"
"319","SCBI","SCBI_002",0.997338303886128,NA,0.00266169611387234,NA,"BDF"
"320","SCBI","SCBI_003",0.995432460484299,NA,0.0045675395157007,NA,"BDF"
"321","SCBI","SCBI_004",0.969872432711419,NA,0.030127567288581,NA,"BDF"
"322","SCBI","SCBI_005",0.975298652284915,NA,0.0247013477150851,NA,"BDF"
"323","SCBI","SCBI_007",0.993093416929634,NA,0.00690658307036617,NA,"BDF"
"324","SCBI","SCBI_008",0.997624792640627,NA,0.00237520735937264,NA,"BDF"
"325","SCBI","SCBI_010",0.946583878172041,NA,0.0534161218279592,NA,"BDF"
"326","SCBI","SCBI_011",0.996922023167036,NA,0.00307797683296374,NA,"BDF"
"327","SCBI","SCBI_013",0.998723387766515,NA,0.00127661223348494,NA,"BDF"
"328","SCBI","SCBI_014",0.911928053865148,NA,0.0880719461348518,NA,"BDF"
"329","SCBI","SCBI_015",1,NA,NA,NA,"BDF"
"330","SCBI","SCBI_016",0.72284371729109,0.212840822204571,0.0643154605043389,NA,"BDF"
"331","SCBI","SCBI_017",0.854722474871488,NA,0.145277525128512,NA,"BDF"
"332","SCBI","SCBI_018",0.989408201275531,NA,0.010591798724469,NA,"BDF"
"333","SCBI","SCBI_045",0.899095400245265,NA,0.100904599754735,NA,"BDF"
"334","SCBI","SCBI_046",0.994441597166346,NA,0.00555840283365444,NA,"BDF"
"335","SCBI","SCBI_047",0.991587472141483,NA,0.00841252785851666,NA,"BDF"
"336","SCBI","SCBI_048",0.990052535491124,NA,0.00994746450887596,NA,"BDF"
"337","SCBI","SCBI_049",0.995120416617485,NA,0.00487958338251487,NA,"BDF"
"338","SCBI","SCBI_050",0.957225743533002,NA,0.0427742564669983,NA,"BDF"
"339","SCBI","SCBI_051",0.985137586694066,NA,0.0148624133059337,NA,"BDF"
"340","SCBI","SCBI_052",0.924969437792745,NA,0.0750305622072552,NA,"BDF"
"341","SCBI","SCBI_053",0.983528846142787,NA,0.0164711538572133,NA,"BDF"
"342","SCBI","SCBI_054",0.9668522101354,NA,0.0331477898645997,NA,"BDF"
"343","SCBI","SCBI_055",0.99432580254315,NA,0.00567419745685053,NA,"BDF"
"344","SCBI","SCBI_056",0.981775069764186,NA,0.0182249302358136,NA,"BDF"
"345","SCBI","SCBI_057",0.98941742731203,NA,0.0105825726879704,NA,"BDF"
"346","SCBI","SCBI_058",0.943467646791053,NA,0.0565323532089469,NA,"BDF"
"347","SCBI","SCBI_061",0.956137762663398,NA,0.043862237336602,NA,"BDF"
"348","SCBI","SCBI_062",0.958394925443463,NA,0.0416050745565368,NA,"BDF"
"349","SCBI","SCBI_063",0.998665979563938,NA,0.00133402043606185,NA,"BDF"
"350","SCBI","SCBI_064",0.96528192679974,NA,0.0347180732002603,NA,"BDF"
"351","SCBI","SCBI_066",0.990305332719975,NA,0.00969466728002452,NA,"BDF"
"352","SCBI","SCBI_067",0.975074393671365,NA,0.0249256063286351,NA,"BDF"
"353","SERC","SERC_002",0.995840427784439,NA,0.00415957221556106,NA,"BDF"
"354","SERC","SERC_005",0.999327666065689,NA,0.000672333934311072,NA,"BDF"
"355","SERC","SERC_006",0.982407172460458,NA,0.0175928275395416,NA,"BDF"
"356","SERC","SERC_010",0.992081460929578,NA,0.00791853907042174,NA,"BDF"
"357","SERC","SERC_011",0.999328917855248,NA,0.000671082144752088,NA,"BDF"
"358","SERC","SERC_021",0.999463184179159,NA,0.000536815820840982,NA,"BDF"
"359","SERC","SERC_043",0.999904282337594,NA,9.57176624056963e-05,NA,"BDF"
"360","SERC","SERC_044",0.988278986728755,NA,0.0117210132712445,NA,"BDF"
"361","SERC","SERC_045",0.989437212807139,NA,0.00311091739188251,0.00745186980097812,"BDF"
"362","SERC","SERC_047",0.999317877485077,NA,5.68867174074081e-05,0.00062523579751603,"BDF"
"363","SERC","SERC_048",0.999441023662716,NA,1.42088545318786e-05,0.000544767482752227,"BDF"
"364","SERC","SERC_049",1,NA,NA,NA,"BDF"
"365","SERC","SERC_050",0.999609563055364,NA,NA,0.000390436944636231,"BDF"
"366","SERC","SERC_051",0.883705770686178,0.102376854420435,0.0139173748933869,NA,"BDF"
"367","SERC","SERC_052",0.999263197807096,NA,0.000736802192904421,NA,"BDF"
"368","SERC","SERC_053",0.999897224885582,NA,0.000102775114418221,NA,"BDF"
"369","SERC","SERC_054",1,NA,NA,NA,"BDF"
"370","SERC","SERC_055",0.981513724886775,NA,0.0184862751132255,NA,"BDF"
"371","SERC","SERC_056",0.998506179966236,NA,0.00149382003376445,NA,"BDF"
"372","SERC","SERC_057",1,NA,NA,NA,"BDF"
"373","SERC","SERC_058",0.997230635419359,NA,0.00276936458064086,NA,"BDF"
"374","SERC","SERC_059",0.984193281238677,0.0078684703278495,0.00793824843347362,NA,"BDF"
"375","SERC","SERC_060",0.996516733652311,NA,3.25062543283568e-05,0.00345076009336027,"BDF"
"376","SERC","SERC_061",0.995461759096331,NA,0.00453824090366904,NA,"BDF"
"377","SERC","SERC_062",0.996663545648626,NA,0.00333645435137409,NA,"BDF"
"378","SERC","SERC_067",1,NA,NA,NA,"BDF"
"379","STEI","STEI_046",0.920185386852453,0.0798146131475466,NA,NA,"BDF"
"380","STEI","STEI_047",0.713989516940848,0.285190743079606,NA,0.000819739979546553,"BDF"
"381","STEI","STEI_048",0.63513894537427,0.36448684349009,NA,0.000374211135639843,"MF"
"382","STEI","STEI_049",0.193600887431911,0.806399112568089,NA,NA,"ENF"
"383","STEI","STEI_050",0.992171202016115,0.00638212669066604,NA,0.00144667129321931,"BDF"
"384","STEI","STEI_051",0.957894083790783,0.0421059162092176,NA,NA,"BDF"
"385","STEI","STEI_052",0.941478861323514,0.058521138676486,NA,NA,"BDF"
"386","STEI","STEI_053",0.327465486491842,0.672534513508158,NA,NA,"MF"
"387","STEI","STEI_054",0.233651372714092,0.765072572221443,NA,0.00127605506446534,"ENF"
"388","STEI","STEI_055",0.596528972808762,0.403471027191238,NA,NA,"MF"
"389","STEI","STEI_056",0.998391488863904,0.000827002190174759,NA,0.000781508945921531,"BDF"
"390","STEI","STEI_057",1,NA,NA,NA,"BDF"
"391","STEI","STEI_059",0.878991866105422,0.121008133894578,NA,NA,"BDF"
"392","STEI","STEI_060",0.503269684531953,0.493645034005512,NA,0.00308528146253445,"MF"
"393","STEI","STEI_061",0.373584576815296,0.626377369059561,NA,3.80541251432738e-05,"MF"
"394","STEI","STEI_062",0.587586530874005,0.412413469125995,NA,NA,"MF"
"395","TALL","TALL_042",0.10456578325846,0.89543421674154,NA,NA,"ENF"
"396","TALL","TALL_043",0.0575528249211224,0.94106021524007,0.00138695983880749,NA,"ENF"
"397","TALL","TALL_044",0.0502339504509779,0.949730459612006,3.55899370164885e-05,NA,"ENF"
"398","TALL","TALL_045",0.0246676263160269,0.974854128621574,0.000478245062399323,NA,"ENF"
"399","TALL","TALL_046",0.124835865197171,0.875164134802829,NA,NA,"ENF"
"400","TALL","TALL_047",0.337173798177047,0.656048566478658,0.00677763534429583,NA,"MF"
"401","TALL","TALL_048",NA,0.999979785850296,2.02141497043221e-05,NA,"ENF"
"402","TALL","TALL_049",0.215013879806425,0.784986120193575,NA,NA,"ENF"
"403","TALL","TALL_050",3.50275904824318e-05,0.999947101189884,1.78712196338938e-05,NA,"ENF"
"404","TALL","TALL_051",0.177424837019994,0.821288006956618,0.00128715602338823,NA,"ENF"
"405","TALL","TALL_052",NA,1,NA,NA,"ENF"
"406","TALL","TALL_053",0.613146397059893,0.326091311062887,0.0551946509989946,0.00556764087822569,"MF"
"407","TALL","TALL_054",0.0291213458884145,0.970737165807267,0.000141488304318446,NA,"ENF"
"408","TALL","TALL_055",0.794900292625031,0.205099707374969,NA,NA,"BDF"
"409","TALL","TALL_056",0.0595403810695045,0.940459618930496,NA,NA,"ENF"
"410","TALL","TALL_057",0.555731875898672,0.412140266852745,0.0321278572485833,NA,"MF"
"411","TALL","TALL_058",0.51371501148085,0.389120278416089,0.0128982242333316,0.0842664858697293,"MF"
"412","TALL","TALL_059",0.795413973657064,0.125859745736164,0.0388419909186025,0.0398842896881693,"BDF"
"413","TALL","TALL_060",0.487931819184974,0.503100390205146,0.00896779060987933,NA,"MF"
"414","TALL","TALL_061",0.00019250024534345,0.999494558179339,0.000312941575317694,NA,"ENF"
"415","TREE","TREE_001",0.0012548292595193,0.998745170740481,NA,NA,"ENF"
"416","TREE","TREE_003",1,NA,NA,NA,"BDF"
"417","TREE","TREE_004",0.0487803119958376,0.951219688004162,NA,NA,"ENF"
"418","TREE","TREE_005",0.137944347503562,0.862055652496438,NA,NA,"ENF"
"419","TREE","TREE_006",0.148270897529399,0.851729102470601,NA,NA,"ENF"
"420","TREE","TREE_007",0.0119817353543746,0.988018264645625,NA,NA,"ENF"
"421","TREE","TREE_008",0.618076625992659,0.38192337400734,NA,NA,"MF"
"422","TREE","TREE_009",0.00318207185560706,0.996817928144393,NA,NA,"ENF"
"423","TREE","TREE_010",0.984678590725057,NA,0.0153214092749433,NA,"BDF"
"424","TREE","TREE_011",0.874950216043584,0.125049783956416,NA,NA,"BDF"
"425","TREE","TREE_012",0.00708679930538178,0.991734587496721,NA,0.0011786131978974,"ENF"
"426","TREE","TREE_014",0.699673254046741,0.30032674595326,NA,NA,"MF"
"427","TREE","TREE_015",0.483338594465037,0.516661405534963,NA,NA,"MF"
"428","TREE","TREE_016",0.973056636793255,0.0251481806849472,0.0017951825217974,NA,"BDF"
"429","TREE","TREE_017",0.999772514263356,NA,0.000227485736644312,NA,"BDF"
"430","TREE","TREE_018",0.00427377659432964,0.99572622340567,NA,NA,"ENF"
"431","TREE","TREE_019",0.407967370320131,0.592032629679869,NA,NA,"MF"
"432","TREE","TREE_025",0.580237362162843,0.419762637837157,NA,NA,"MF"
"433","TREE","TREE_039",0.312112718546053,0.687798281896277,NA,8.89995576697733e-05,"MF"
"434","TREE","TREE_040",0.219743998371729,0.780256001628271,NA,NA,"ENF"
"435","TREE","TREE_041",0.99931008137147,0.000689918628529941,NA,NA,"BDF"
"436","TREE","TREE_042",0.944413961805072,0.0555860381949284,NA,NA,"BDF"
"437","TREE","TREE_043",0.0110403881778595,0.988959611822141,NA,NA,"ENF"
"438","TREE","TREE_044",0.798336987536507,0.201663012463493,NA,NA,"BDF"
"439","TREE","TREE_045",0.522237192069826,0.477762807930175,NA,NA,"MF"
"440","TREE","TREE_046",0.987986853669148,0.0120131463308516,NA,NA,"BDF"
"441","TREE","TREE_047",0.869470436052821,0.130529563947179,NA,NA,"BDF"
"442","TREE","TREE_048",0.00535270169307721,0.993372693433205,NA,0.00127460487371756,"ENF"
"443","TREE","TREE_049",1,NA,NA,NA,"BDF"
"444","TREE","TREE_050",0.0769965106471631,0.923003489352837,NA,NA,"ENF"
"445","TREE","TREE_051",0.833501403567154,0.166498596432846,NA,NA,"BDF"
"446","TREE","TREE_052",0.766940980116436,0.233059019883564,NA,NA,"BDF"
"447","TREE","TREE_053",0.998657100739347,0.000466424661656427,0.000876474598996682,NA,"BDF"
"448","TREE","TREE_054",0.717191775711488,0.278128321002144,7.88974323296975e-05,0.00460100585403824,"BDF"
"449","TREE","TREE_055",0.994978267478927,0.00463763525972826,0.000384097261344269,NA,"BDF"
"450","TREE","TREE_056",0.925234057891655,0.0606728846400937,0.0114043128567351,0.00268874461151607,"BDF"
"451","TREE","TREE_057",0.818764316407008,0.181235683592992,NA,NA,"BDF"
"452","TREE","TREE_060",0.0344016771027531,0.965378455092764,0.000219867804482555,NA,"ENF"
"453","UNDE","UNDE_037",0.827612124596008,0.170437810608319,0.00195006479567269,NA,"BDF"
"454","UNDE","UNDE_038",0.551616237673973,0.448284743842886,9.90184831417177e-05,NA,"MF"
"455","UNDE","UNDE_043",0.978870145169816,0.021108821518256,2.10333119284329e-05,NA,"BDF"
"456","UNDE","UNDE_044",0.72561509301698,0.273531558461344,0.00085334852167575,NA,"BDF"
"457","UNDE","UNDE_045",0.995931984694332,0.00396642244831371,0.00010159285735473,NA,"BDF"
"458","UNDE","UNDE_047",1,NA,NA,NA,"BDF"
"459","UNDE","UNDE_048",0.858366009381689,0.138054797643222,0.00357919297508839,NA,"BDF"
"460","UNDE","UNDE_049",0.42509450569237,0.57490549430763,NA,NA,"MF"
"461","UNDE","UNDE_050",0.972043809853912,0.0279561901460875,NA,NA,"BDF"
"462","UNDE","UNDE_052",0.937301887474466,0.0617071641862101,0.000990948339323986,NA,"BDF"
"463","UNDE","UNDE_054",1,NA,NA,NA,"BDF"
"464","UNDE","UNDE_055",0.809443677212387,0.190373281917666,0.000183040869947067,NA,"BDF"
"465","UNDE","UNDE_056",0.998152425099222,0.00184757490077823,NA,NA,"BDF"
"466","UNDE","UNDE_057",0.233734127454872,0.760692795271146,0.000499473906630411,0.00507360336735102,"ENF"
"467","UNDE","UNDE_058",0.999830038327151,NA,0.000169961672848559,NA,"BDF"
"468","UNDE","UNDE_059",0.762374052784307,0.237519606558643,0.000106340657049354,NA,"BDF"
"469","UNDE","UNDE_060",0.201119056686416,0.798880943313584,NA,NA,"ENF"
"470","UNDE","UNDE_061",0.985308670316569,0.0145973993376546,9.39303457767007e-05,NA,"BDF"
"471","UNDE","UNDE_065",0.954258393525488,0.0457416064745121,NA,NA,"BDF"
"472","UNDE","UNDE_078",0.747990628762107,0.251472730140176,0.000536641097716492,NA,"BDF"
